CLASS,AvgCyclomatic,INSTRUCTION_MISSED,INSTRUCTION_COVERED,BRANCH_MISSED,BRANCH_COVERED,LINE_MISSED,LINE_COVERED,COMPLEXITY_MISSED,COMPLEXITY_COVERED,METHOD_MISSED,METHOD_COVERED,mutation,,STATEMENTCoverage,BRANCHCoverage
AbstractCircuitBreaker.java,1,0,73,0,8,0,18,0,13,0,9,0,,0.95416198,0.915801495
AggregateTranslator.java,2,0,37,0,4,0,8,0,4,0,2,0,,,
AnnotationUtils.java,4,43,457,8,84,18,94,9,48,1,10,0,,,
ArchUtils.java,1,20,210,1,3,3,35,3,12,2,11,0,,,
ArrayUtils.java,3,113,8239,95,1459,48,2010,101,997,9,312,0,,,
AtomicInitializer.java,3,4,25,1,3,1,7,1,3,0,2,0,,,
AtomicSafeInitializer.java,3,0,33,1,3,0,7,1,3,0,2,0,,,
BackgroundInitializer.java,1,4,102,0,10,2,31,0,17,0,12,0,,,
BasicThreadFactory.java,1,0,107,0,10,0,29,0,14,0,9,0,,,
BitField.java,1,0,139,0,12,0,21,0,24,0,18,0,,,
BooleanUtils.java,3,0,800,9,245,0,190,9,161,0,41,0,,,
Builder.java,0,,,,,,,,,,,0,,,
CallableBackgroundInitializer.java,1,0,33,0,2,0,11,0,5,0,4,0,,,
CharEncoding.java,3,0,13,0,2,0,6,0,3,0,2,0,,,
CharRange.java,2,2,241,2,48,1,42,2,37,0,14,0,,,
CharSequenceTranslator.java,3,6,185,2,16,2,34,2,13,0,6,0,,,
CharSequenceUtils.java,4,11,283,12,58,4,69,11,32,0,8,0,,,
CharSet.java,2,2,303,1,33,1,58,1,25,0,9,0,,,
CharSetUtils.java,3,0,255,1,53,0,61,1,34,0,8,0,,,
CharUtils.java,1,0,345,0,54,0,51,0,52,0,25,0,,,
CircuitBreaker.java,0,,,,,,,,,,,0,,,
CircuitBreakingException.java,1,0,16,0,0,0,8,0,4,0,4,0,,,
ClassPathUtils.java,1,0,120,0,0,0,14,0,5,0,5,0,,,
ClassUtils.java,2,67,1361,19,239,19,331,21,162,4,50,0,,,
CloneFailedException.java,1,0,13,0,0,0,6,0,3,0,3,0,,,
CodePointTranslator.java,2,0,18,0,2,0,4,0,3,0,2,0,,,
CompareToBuilder.java,4,55,947,30,190,22,236,32,109,2,29,0,,,
CompositeFormat.java,1,0,34,0,0,0,9,0,6,0,6,0,,,
Computable.java,0,,,,,,,,,,,0,,,
ConcurrentException.java,1,3,11,0,0,2,4,1,2,1,2,0,,,
ConcurrentInitializer.java,0,,,,,,,,,,,0,,,
ConcurrentRuntimeException.java,1,0,14,0,0,0,6,0,3,0,3,0,,,
ConcurrentUtils.java,1,0,160,0,34,0,41,0,29,0,12,0,,,
ConstantInitializer.java,1,0,57,0,6,0,14,0,9,0,6,0,,,
ConstructorUtils.java,2,16,186,3,21,4,50,4,17,1,8,0,,,
ContextedException.java,1,0,97,0,2,0,28,0,15,0,14,0,,,
ContextedRuntimeException.java,1,0,97,0,2,0,28,0,15,0,14,0,,,
Conversion.java,6,194,2650,84,376,32,429,75,229,1,43,0,,,
DateFormatUtils.java,1,9,155,0,0,1,43,1,17,1,17,0,,,
DateParser.java,0,,,,,,,,,,,0,,,
DatePrinter.java,0,,,,,,,,,,,0,,,
DateUtils.java,2,44,1352,14,184,10,282,16,149,4,57,0,,,
DefaultExceptionContext.java,2,0,228,0,24,0,54,0,20,0,8,0,,,
Diff.java,1,0,52,0,0,0,10,0,5,0,5,0,,,
DiffBuilder.java,1,4,687,3,111,1,154,3,77,0,23,0,,,
DiffResult.java,1,0,133,0,12,0,26,0,13,0,7,0,,,
Diffable.java,0,,,,,,,,,,,0,,,
DurationFormatUtils.java,4,26,852,10,113,10,207,10,68,0,13,0,,,
EntityArrays.java,1,0,3463,0,2,0,26,0,14,0,13,0,,,
EnumUtils.java,1,0,399,0,36,0,70,0,33,0,15,0,,,
EqualsBuilder.java,3,55,1085,40,212,24,276,42,127,2,41,0,,,
EqualsExclude.java,0,,,,,,,,,,,0,,,
EventCountCircuitBreaker.java,1,1,218,2,10,0,49,2,24,0,20,0,,,
EventListenerSupport.java,1,5,197,1,5,1,50,1,17,0,15,0,,,
EventUtils.java,2,27,82,0,0,4,13,0,3,0,3,0,,,
ExceptionContext.java,0,,,,,,,,,,,0,,,
ExceptionUtils.java,2,44,594,6,86,12,137,8,68,4,26,0,,,
ExtendedMessageFormat.java,3,142,621,31,78,24,157,32,47,5,17,0,,,
FastDateFormat.java,1,17,281,0,2,3,46,3,40,3,39,0,,,
FastDateParser.java,2,26,638,6,76,4,138,7,67,1,22,0,,,
FastDatePrinter.java,2,58,968,14,129,12,226,14,102,2,30,0,,,
FastTimeZone.java,1,0,86,0,18,0,19,0,15,0,6,0,,,
FieldUtils.java,1,47,678,16,66,13,132,14,62,2,33,0,,,
FormatCache.java,2,17,182,2,16,4,36,2,16,0,9,0,,,
FormatFactory.java,0,,,,,,,,,,,0,,,
FormattableUtils.java,1,12,113,1,15,3,14,3,11,2,4,0,,,
Fraction.java,3,32,1269,16,176,6,256,14,117,0,35,0,,,
Functions.java,2,67,123,7,17,23,44,10,15,4,9,0,,,
GmtTimeZone.java,1,0,138,0,12,0,23,0,17,0,11,0,,,
HashCodeBuilder.java,2,29,739,2,92,5,142,5,79,3,34,0,,,
HashCodeExclude.java,0,,,,,,,,,,,0,,,
IDKey.java,1,3,34,2,4,1,10,2,4,0,3,0,,,
IEEE754rUtils.java,2,0,239,0,40,0,49,0,33,0,13,0,,,
ImmutablePair.java,1,4,28,0,0,1,9,1,6,1,6,0,,,
ImmutableTriple.java,1,0,36,0,0,0,11,0,7,0,7,0,,,
InheritanceUtils.java,3,0,42,0,10,0,12,0,7,0,2,0,,,
JavaUnicodeEscaper.java,1,15,35,0,0,3,5,3,3,3,3,0,,,
JavaVersion.java,3,10,410,5,41,5,71,5,27,0,9,0,,,
LazyInitializer.java,3,0,38,1,3,0,11,1,4,0,3,0,,,
LocaleUtils.java,3,0,467,6,82,0,94,6,52,0,14,0,,,
LookupTranslator.java,5,0,132,1,15,0,28,1,9,0,2,0,,,
MemberUtils.java,2,25,393,9,65,6,72,10,41,1,13,0,,,
Memoizer.java,2,9,87,1,9,4,25,1,8,0,4,0,,,
MethodUtils.java,3,50,1036,17,131,14,230,16,88,0,30,0,,,
MultiBackgroundInitializer.java,1,0,163,0,14,0,36,0,12,0,5,0,,,
MultilineRecursiveToStringStyle.java,1,66,317,1,7,18,66,4,14,3,11,0,,,
Mutable.java,0,,,,,,,,,,,0,,,
MutableBoolean.java,1,0,88,0,8,0,27,0,20,0,16,0,,,
MutableByte.java,1,0,226,0,4,0,60,0,33,0,31,0,,,
MutableDouble.java,1,0,226,0,4,0,61,0,34,0,32,0,,,
MutableFloat.java,1,0,218,0,4,0,60,0,34,0,32,0,,,
MutableInt.java,1,0,209,0,4,0,59,0,32,0,30,0,,,
MutableLong.java,1,0,216,0,4,0,59,0,32,0,30,0,,,
MutableObject.java,1,2,57,1,9,1,17,1,11,0,7,0,,,
MutablePair.java,1,0,40,0,0,0,16,0,8,0,8,0,,,
MutableShort.java,1,0,226,0,4,0,60,0,33,0,31,0,,,
MutableTriple.java,1,0,43,0,0,0,17,0,9,0,9,0,,,
NotImplementedException.java,1,0,42,0,0,0,16,0,7,0,7,0,,,
NumberUtils.java,3,30,1758,32,378,7,429,29,245,1,67,0,,,
NumericEntityEscaper.java,1,0,76,0,10,0,20,0,12,0,7,0,,,
NumericEntityUnescaper.java,3,0,207,5,45,0,41,5,23,0,3,0,,,
ObjectUtils.java,2,35,733,2,102,7,169,2,89,0,39,0,,,
OctalUnescaper.java,2,1,115,4,20,0,17,4,12,0,4,0,,,
Pair.java,1,2,107,1,11,0,17,1,14,0,9,0,,,
Processor.java,1,0,40,0,0,0,11,0,8,0,8,0,,,
RandomStringUtils.java,1,9,315,0,58,1,64,1,49,1,20,0,,,
RandomUtils.java,1,0,185,0,26,0,32,0,25,0,12,0,,,
Range.java,1,25,399,8,68,2,80,8,54,0,24,0,,,
RecursiveToStringStyle.java,1,0,47,1,5,0,13,1,6,0,4,0,,,
ReflectionDiffBuilder.java,2,14,97,0,12,2,20,0,10,0,4,0,,,
ReflectionToStringBuilder.java,1,37,407,2,48,6,92,5,51,3,28,0,,,
RegExUtils.java,1,3,95,0,30,1,20,1,25,1,10,0,,,
SerializationException.java,1,0,16,0,0,0,8,0,4,0,4,0,,,
SerializationUtils.java,1,14,114,0,8,4,29,0,11,0,7,0,,,
StandardToStringStyle.java,1,88,55,0,0,36,26,26,15,26,15,0,,,
StopWatch.java,1,5,235,1,29,1,63,1,34,0,20,0,,,
StrBuilder.java,2,77,3492,22,510,18,742,24,391,2,147,0,,,
StrLookup.java,1,0,23,0,0,0,7,0,5,0,5,0,,,
StrMatcher.java,1,0,135,0,12,0,35,0,22,0,16,0,,,
StrSubstitutor.java,1,15,1004,7,99,7,262,7,102,0,56,0,,,
StrTokenizer.java,1,51,906,2,88,19,229,8,102,6,59,0,,,
StringEscapeUtils.java,1,0,1091,0,0,0,67,0,18,0,18,0,,,
StringUtils.java,3,8,6967,26,1495,3,1698,26,970,0,235,0,,,
SystemUtils.java,1,15,476,15,33,4,133,15,28,0,19,0,,,
ThreadUtils.java,1,0,314,5,41,0,59,5,34,0,16,0,,,
ThresholdCircuitBreaker.java,1,0,48,0,4,0,15,0,7,0,5,0,,,
TimeZones.java,1,,,,,,,,,,,0,,,
TimedSemaphore.java,1,0,207,0,22,0,60,0,30,0,19,0,,,
ToStringBuilder.java,1,0,591,0,12,0,131,0,70,0,64,0,,,
ToStringExclude.java,0,,,,,,,,,,,0,,,
ToStringStyle.java,1,72,1656,17,201,14,469,22,200,5,108,0,,,
ToStringSummary.java,0,,,,,,,,,,,0,,,
Triple.java,1,4,130,2,14,0,18,2,13,0,7,0,,,
TypeLiteral.java,1,13,68,2,2,4,12,4,4,2,4,0,,,
TypeUtils.java,3,744,1695,164,262,135,362,128,143,8,50,0,,,
Typed.java,0,,,,,,,,,,,0,,,
UnicodeEscaper.java,1,16,105,0,12,3,22,2,12,2,6,0,,,
UnicodeUnescaper.java,6,0,119,2,14,0,17,2,8,0,2,0,,,
UnicodeUnpairedSurrogateRemover.java,2,0,13,0,4,0,4,0,4,0,2,0,,,
Validate.java,2,22,795,6,118,6,144,6,107,2,49,0,,,
WordUtils.java,3,0,545,1,95,0,134,1,62,0,15,0,,,
